turno,indice_jugador,jugador,estado_carcel_antes,decision_carcel,dado1,dado2,suma,posicion_anterior,posicion_nueva,paso_salida,nombre_casilla,tipo_casilla,precio_casilla,color_casilla,compra_realizada,alquiler_realizado,alquiler_teorico,pago_real,dinero_inicial_turno,dinero_tras_carcel,dinero_final_turno,propiedades_antes,propiedades_despues,turno_perdido_carcel
1,1,ana,libre,no_aplica,4,3,7,1,8,no,suerte2,suerte,0,ninguno,no,no,0,0,10000,10000,10000,0,0,no
2,2,bob,libre,no_aplica,1,3,4,1,5,no,impuesto1,impuesto,200,ninguno,no,no,0,0,10000,10000,10000,0,0,no
3,3,carla,libre,no_aplica,4,4,8,1,9,no,gris2,propiedad,100,gris,si,no,0,0,10000,10000,9900,0,1,no
4,4,diego,libre,no_aplica,3,2,5,1,6,no,estacion1,estacion,200,estacion,si,no,0,0,10000,10000,9800,0,1,no
5,5,elena,libre,no_aplica,3,4,7,1,8,no,suerte2,suerte,0,ninguno,no,no,0,0,10000,10000,10000,0,0,no
6,6,fernando,libre,no_aplica,2,3,5,1,6,no,estacion1,estacion,200,estacion,no,si,40,40,10000,10000,9960,0,0,no
7,7,gema,libre,no_aplica,3,1,4,1,5,no,impuesto1,impuesto,200,ninguno,no,no,0,0,10000,10000,10000,0,0,no
8,8,hugo,libre,no_aplica,6,2,8,1,9,no,gris2,propiedad,100,gris,no,si,20,20,10000,10000,9980,0,0,no
9,9,irene,libre,no_aplica,5,1,6,1,7,no,gris1,propiedad,100,gris,si,no,0,0,10000,10000,9900,0,1,no
10,10,javier,libre,no_aplica,1,1,2,1,3,no,suerte1,suerte,0,ninguno,no,no,0,0,10000,10000,10000,0,0,no
11,1,ana,libre,no_aplica,4,1,5,8,13,no,impuesto2,impuesto,150,ninguno,no,no,0,0,10000,10000,10000,0,0,no
12,2,bob,libre,no_aplica,1,5,6,5,11,no,visita_carcel,visita_carcel,0,ninguno,no,no,0,0,10000,10000,10000,0,0,no
13,3,carla,libre,no_aplica,4,6,10,9,19,no,naranja2,propiedad,180,naranja,si,no,0,0,9920,9920,9740,1,2,no
14,4,diego,libre,no_aplica,2,1,3,6,9,no,gris2,propiedad,100,gris,no,si,20,20,9840,9840,9820,1,1,no
15,5,elena,libre,no_aplica,6,5,11,8,19,no,naranja2,propiedad,180,naranja,no,si,36,36,10000,10000,9964,0,0,no
16,6,fernando,libre,no_aplica,2,1,3,6,9,no,gris2,propiedad,100,gris,no,si,20,20,9960,9960,9940,0,0,no
17,7,gema,libre,no_aplica,6,4,10,5,15,no,rosa3,propiedad,160,rosa,si,no,0,0,10000,10000,9840,0,1,no
18,8,hugo,libre,no_aplica,5,3,8,9,17,no,naranja1,propiedad,180,naranja,si,no,0,0,9980,9980,9800,0,1,no
19,9,irene,libre,no_aplica,1,2,3,7,10,no,gris3,propiedad,120,gris,si,no,0,0,9900,9900,9780,1,2,no
20,10,javier,libre,no_aplica,3,4,7,3,10,no,gris3,propiedad,120,gris,no,si,24,24,10000,10000,9976,0,0,no
21,1,ana,libre,no_aplica,1,4,5,13,18,no,suerte3,suerte,0,ninguno,no,no,0,0,10000,10000,10000,0,0,no
22,2,bob,libre,no_aplica,5,6,11,11,22,no,rojo1,propiedad,220,rojo,si,no,0,0,10000,10000,9780,0,1,no
23,3,carla,libre,no_aplica,4,2,6,19,25,no,rojo3,propiedad,240,rojo,si,no,0,0,9816,9816,9576,2,3,no
24,4,diego,libre,no_aplica,3,6,9,9,18,no,suerte3,suerte,0,ninguno,no,no,0,0,9820,9820,9820,1,1,no
25,5,elena,libre,no_aplica,2,4,6,19,25,no,rojo3,propiedad,240,rojo,no,si,48,48,9964,9964,9916,0,0,no
26,6,fernando,libre,no_aplica,6,1,7,9,16,no,estacion2,estacion,200,estacion,si,no,0,0,9940,9940,9740,0,1,no
27,7,gema,libre,no_aplica,5,1,6,15,21,no,parking,parking,0,ninguno,no,no,0,0,9840,9840,9840,1,1,no
28,8,hugo,libre,no_aplica,1,1,2,17,19,no,naranja2,propiedad,180,naranja,no,si,36,36,9800,9800,9764,1,1,no
29,9,irene,libre,no_aplica,4,5,9,10,19,no,naranja2,propiedad,180,naranja,no,si,36,36,9804,9804,9768,2,2,no
30,10,javier,libre,no_aplica,2,5,7,10,17,no,naranja1,propiedad,180,naranja,no,si,36,36,9976,9976,9940,0,0,no
31,1,ana,libre,no_aplica,3,5,8,18,26,no,estacion3,estacion,200,estacion,si,no,0,0,10000,10000,9800,0,1,no
32,2,bob,libre,no_aplica,2,6,8,22,30,no,amarillo3,propiedad,280,amarillo,si,no,0,0,9780,9780,9500,1,2,no
33,3,carla,libre,no_aplica,2,2,4,25,29,no,impuesto3,impuesto,100,ninguno,no,no,0,0,9696,9696,9696,3,3,no
34,4,diego,libre,no_aplica,5,6,11,18,29,no,impuesto3,impuesto,100,ninguno,no,no,0,0,9820,9820,9820,1,1,no
35,5,elena,libre,no_aplica,3,4,7,25,32,no,verde1,propiedad,300,verde,si,no,0,0,9916,9916,9616,0,1,no
36,6,fernando,libre,no_aplica,6,1,7,16,23,no,suerte4,suerte,0,ninguno,no,no,0,0,9740,9740,9740,1,1,no
37,7,gema,libre,no_aplica,2,3,5,21,26,no,estacion3,estacion,200,estacion,no,si,40,40,9840,9840,9800,1,1,no
38,8,hugo,libre,no_aplica,6,2,8,19,27,no,amarillo1,propiedad,260,amarillo,si,no,0,0,9800,9800,9540,1,2,no
39,9,irene,libre,no_aplica,2,5,7,19,26,no,estacion3,estacion,200,estacion,no,si,40,40,9768,9768,9728,2,2,no
40,10,javier,libre,no_aplica,3,5,8,17,25,no,rojo3,propiedad,240,rojo,no,si,48,48,9940,9940,9892,0,0,no
41,1,ana,libre,no_aplica,4,1,5,26,11,no,visita_carcel,visita_carcel,0,ninguno,no,no,0,0,9880,9880,9880,1,1,no
42,2,bob,libre,no_aplica,2,5,7,30,37,no,suerte6,suerte,0,ninguno,no,no,0,0,9500,9500,9500,2,2,no
43,3,carla,libre,no_aplica,1,5,6,29,35,no,verde3,propiedad,320,verde,si,no,0,0,9744,9744,9424,3,4,no
44,4,diego,libre,no_aplica,4,6,10,29,39,no,impuesto4,impuesto,100,ninguno,no,no,0,0,9820,9820,9820,1,1,no
45,5,elena,libre,no_aplica,3,1,4,32,36,no,estacion4,estacion,200,estacion,si,no,0,0,9616,9616,9416,1,2,no
46,6,fernando,libre,no_aplica,3,5,8,23,11,no,visita_carcel,visita_carcel,0,ninguno,no,no,0,0,9740,9740,9740,1,1,no
47,7,gema,libre,no_aplica,1,4,5,26,11,no,visita_carcel,visita_carcel,0,ninguno,no,no,0,0,9800,9800,9800,1,1,no
48,8,hugo,libre,no_aplica,3,2,5,27,32,no,verde1,propiedad,300,verde,no,si,60,60,9540,9540,9480,2,2,no
49,9,irene,libre,no_aplica,2,4,6,26,32,no,verde1,propiedad,300,verde,no,si,60,60,9728,9728,9668,2,2,no
50,10,javier,libre,no_aplica,3,3,6,25,11,no,visita_carcel,visita_carcel,0,ninguno,no,no,0,0,9892,9892,9892,0,0,no
51,1,ana,encarcelado(0),pagar,0,0,0,11,11,no,visita_carcel,visita_carcel,0,ninguno,no,no,0,0,9880,9680,9680,1,1,si
52,2,bob,libre,no_aplica,5,6,11,37,8,si,suerte2,suerte,0,ninguno,no,no,0,0,9500,9500,9500,2,2,no
53,3,carla,libre,no_aplica,2,4,6,35,1,si,salida,salida,0,ninguno,no,no,0,0,9424,9424,9424,4,4,no
54,4,diego,libre,no_aplica,6,2,8,39,7,si,gris1,propiedad,100,gris,no,si,20,20,9820,9820,9800,1,1,no
55,5,elena,libre,no_aplica,2,1,3,36,39,no,impuesto4,impuesto,100,ninguno,no,no,0,0,9536,9536,9536,2,2,no
56,6,fernando,encarcelado(0),pagar,0,0,0,11,11,no,visita_carcel,visita_carcel,0,ninguno,no,no,0,0,9740,9540,9540,1,1,si
57,7,gema,encarcelado(0),pagar,0,0,0,11,11,no,visita_carcel,visita_carcel,0,ninguno,no,no,0,0,9800,9600,9600,1,1,si
58,8,hugo,libre,no_aplica,6,6,12,32,4,si,morado2,propiedad,60,morado,si,no,0,0,9480,9480,9420,2,3,no
59,9,irene,libre,no_aplica,5,4,9,32,1,si,salida,salida,0,ninguno,no,no,0,0,9688,9688,9688,2,2,no
60,10,javier,encarcelado(0),pagar,0,0,0,11,11,no,visita_carcel,visita_carcel,0,ninguno,no,no,0,0,9892,9692,9692,0,0,si
61,1,ana,libre,no_aplica,1,1,2,11,13,no,impuesto2,impuesto,150,ninguno,no,no,0,0,9680,9680,9680,1,1,no
62,2,bob,libre,no_aplica,4,6,10,8,18,no,suerte3,suerte,0,ninguno,no,no,0,0,9500,9500,9500,2,2,no
63,3,carla,libre,no_aplica,6,3,9,1,10,no,gris3,propiedad,120,gris,no,si,24,24,9424,9424,9400,4,4,no
64,4,diego,libre,no_aplica,3,6,9,7,16,no,estacion2,estacion,200,estacion,no,si,40,40,9800,9800,9760,1,1,no
65,5,elena,libre,no_aplica,5,6,11,39,10,si,gris3,propiedad,120,gris,no,si,24,24,9536,9536,9512,2,2,no
66,6,fernando,libre,no_aplica,4,4,8,11,19,no,naranja2,propiedad,180,naranja,no,si,36,36,9580,9580,9544,1,1,no
67,7,gema,libre,no_aplica,1,6,7,11,18,no,suerte3,suerte,0,ninguno,no,no,0,0,9600,9600,9600,1,1,no
68,8,hugo,libre,no_aplica,6,2,8,4,12,no,rosa1,propiedad,140,rosa,si,no,0,0,9420,9420,9280,3,4,no
69,9,irene,libre,no_aplica,3,6,9,1,10,no,gris3,propiedad,120,gris,no,no,0,0,9736,9736,9736,2,2,no
70,10,javier,libre,no_aplica,3,1,4,11,15,no,rosa3,propiedad,160,rosa,no,si,32,32,9692,9692,9660,0,0,no
71,1,ana,libre,no_aplica,6,6,12,13,25,no,rojo3,propiedad,240,rojo,no,si,48,48,9680,9680,9632,1,1,no
72,2,bob,libre,no_aplica,6,2,8,18,26,no,estacion3,estacion,200,estacion,no,si,40,40,9500,9500,9460,2,2,no
73,3,carla,libre,no_aplica,4,3,7,10,17,no,naranja1,propiedad,180,naranja,no,si,36,36,9484,9484,9448,4,4,no
74,4,diego,libre,no_aplica,3,3,6,16,22,no,rojo1,propiedad,220,rojo,no,si,44,44,9760,9760,9716,1,1,no
75,5,elena,libre,no_aplica,5,4,9,10,19,no,naranja2,propiedad,180,naranja,no,si,36,36,9512,9512,9476,2,2,no
76,6,fernando,libre,no_aplica,1,4,5,19,24,no,rojo2,propiedad,220,rojo,si,no,0,0,9544,9544,9324,1,2,no
77,7,gema,libre,no_aplica,3,3,6,18,24,no,rojo2,propiedad,220,rojo,no,si,44,44,9632,9632,9588,1,1,no
78,8,hugo,libre,no_aplica,3,3,6,12,18,no,suerte3,suerte,0,ninguno,no,no,0,0,9316,9316,9316,4,4,no
79,9,irene,libre,no_aplica,6,5,11,10,21,no,parking,parking,0,ninguno,no,no,0,0,9736,9736,9736,2,2,no
80,10,javier,libre,no_aplica,6,3,9,15,24,no,rojo2,propiedad,220,rojo,no,si,44,44,9660,9660,9616,0,0,no
81,1,ana,libre,no_aplica,4,2,6,25,11,no,visita_carcel,visita_carcel,0,ninguno,no,no,0,0,9672,9672,9672,1,1,no
82,2,bob,libre,no_aplica,5,3,8,26,34,no,suerte5,suerte,0,ninguno,no,no,0,0,9504,9504,9504,2,2,no
83,3,carla,libre,no_aplica,6,1,7,17,24,no,rojo2,propiedad,220,rojo,no,si,44,44,9484,9484,9440,4,4,no
84,4,diego,libre,no_aplica,1,4,5,22,27,no,amarillo1,propiedad,260,amarillo,no,si,52,52,9716,9716,9664,1,1,no
85,5,elena,libre,no_aplica,3,4,7,19,26,no,estacion3,estacion,200,estacion,no,si,40,40,9476,9476,9436,2,2,no
86,6,fernando,libre,no_aplica,2,6,8,24,32,no,verde1,propiedad,300,verde,no,si,60,60,9456,9456,9396,2,2,no
87,7,gema,libre,no_aplica,5,1,6,24,30,no,amarillo3,propiedad,280,amarillo,no,si,56,56,9588,9588,9532,1,1,no
88,8,hugo,libre,no_aplica,2,2,4,18,22,no,rojo1,propiedad,220,rojo,no,si,44,44,9368,9368,9324,4,4,no
89,9,irene,libre,no_aplica,6,6,12,21,33,no,verde2,propiedad,300,verde,si,no,0,0,9736,9736,9436,2,3,no
90,10,javier,libre,no_aplica,2,6,8,24,32,no,verde1,propiedad,300,verde,no,si,60,60,9616,9616,9556,0,0,no
91,1,ana,encarcelado(0),pagar,0,0,0,11,11,no,visita_carcel,visita_carcel,0,ninguno,no,no,0,0,9712,9512,9512,1,1,si
92,2,bob,libre,no_aplica,3,2,5,34,39,no,impuesto4,impuesto,100,ninguno,no,no,0,0,9604,9604,9604,2,2,no
93,3,carla,libre,no_aplica,1,3,4,24,28,no,amarillo2,propiedad,260,amarillo,si,no,0,0,9440,9440,9180,4,5,no
94,4,diego,libre,no_aplica,1,5,6,27,33,no,verde2,propiedad,300,verde,no,si,60,60,9664,9664,9604,1,1,no
95,5,elena,libre,no_aplica,5,5,10,26,36,no,estacion4,estacion,200,estacion,no,no,0,0,9556,9556,9556,2,2,no
96,6,fernando,libre,no_aplica,2,2,4,32,36,no,estacion4,estacion,200,estacion,no,si,40,40,9396,9396,9356,2,2,no
97,7,gema,libre,no_aplica,5,4,9,30,39,no,impuesto4,impuesto,100,ninguno,no,no,0,0,9532,9532,9532,1,1,no
98,8,hugo,libre,no_aplica,5,6,11,22,33,no,verde2,propiedad,300,verde,no,si,60,60,9324,9324,9264,4,4,no
99,9,irene,libre,no_aplica,4,2,6,33,39,no,impuesto4,impuesto,100,ninguno,no,no,0,0,9556,9556,9556,3,3,no
100,10,javier,libre,no_aplica,1,4,5,32,37,no,suerte6,suerte,0,ninguno,no,no,0,0,9556,9556,9556,0,0,no
101,1,ana,libre,no_aplica,4,3,7,11,18,no,suerte3,suerte,0,ninguno,no,no,0,0,9512,9512,9512,1,1,no
102,2,bob,libre,no_aplica,1,1,2,39,1,si,salida,salida,0,ninguno,no,no,0,0,9604,9604,9604,2,2,no
103,3,carla,libre,no_aplica,5,4,9,28,37,no,suerte6,suerte,0,ninguno,no,no,0,0,9180,9180,9180,5,5,no
104,4,diego,libre,no_aplica,2,5,7,33,40,no,azul2,propiedad,400,azul,si,no,0,0,9604,9604,9204,1,2,no
105,5,elena,libre,no_aplica,4,4,8,36,4,si,morado2,propiedad,60,morado,no,si,12,12,9596,9596,9584,2,2,no
106,6,fernando,libre,no_aplica,1,5,6,36,2,si,morado1,propiedad,60,morado,si,no,0,0,9356,9356,9296,2,3,no
107,7,gema,libre,no_aplica,4,6,10,39,9,si,gris2,propiedad,100,gris,no,si,20,20,9532,9532,9512,1,1,no
108,8,hugo,libre,no_aplica,6,2,8,33,1,si,salida,salida,0,ninguno,no,no,0,0,9276,9276,9276,4,4,no
109,9,irene,libre,no_aplica,3,1,4,39,3,si,suerte1,suerte,0,ninguno,no,no,0,0,9556,9556,9556,3,3,no
110,10,javier,libre,no_aplica,3,3,6,37,3,si,suerte1,suerte,0,ninguno,no,no,0,0,9556,9556,9556,0,0,no
111,1,ana,libre,no_aplica,1,6,7,18,25,no,rojo3,propiedad,240,rojo,no,si,48,48,9512,9512,9464,1,1,no
112,2,bob,libre,no_aplica,5,4,9,1,10,no,gris3,propiedad,120,gris,no,si,24,24,9604,9604,9580,2,2,no
113,3,carla,libre,no_aplica,5,1,6,37,3,si,suerte1,suerte,0,ninguno,no,no,0,0,9248,9248,9248,5,5,no
114,4,diego,libre,no_aplica,5,1,6,40,6,si,estacion1,estacion,200,estacion,no,no,0,0,9204,9204,9204,2,2,no
115,5,elena,libre,no_aplica,6,5,11,4,15,no,rosa3,propiedad,160,rosa,no,si,32,32,9584,9584,9552,2,2,no
116,6,fernando,libre,no_aplica,1,3,4,2,6,no,estacion1,estacion,200,estacion,no,si,40,40,9296,9296,9256,3,3,no
117,7,gema,libre,no_aplica,3,3,6,9,15,no,rosa3,propiedad,160,rosa,no,no,0,0,9544,9544,9544,1,1,no
118,8,hugo,libre,no_aplica,2,3,5,1,6,no,estacion1,estacion,200,estacion,no,si,40,40,9276,9276,9236,4,4,no
119,9,irene,libre,no_aplica,1,2,3,3,6,no,estacion1,estacion,200,estacion,no,si,40,40,9580,9580,9540,3,3,no
120,10,javier,libre,no_aplica,5,5,10,3,13,no,impuesto2,impuesto,150,ninguno,no,no,0,0,9556,9556,9556,0,0,no
121,1,ana,libre,no_aplica,4,3,7,25,32,no,verde1,propiedad,300,verde,no,si,60,60,9464,9464,9404,1,1,no
122,2,bob,libre,no_aplica,5,2,7,10,17,no,naranja1,propiedad,180,naranja,no,si,36,36,9580,9580,9544,2,2,no
123,3,carla,libre,no_aplica,6,1,7,3,10,no,gris3,propiedad,120,gris,no,si,24,24,9248,9248,9224,5,5,no
124,4,diego,libre,no_aplica,2,1,3,6,9,no,gris2,propiedad,100,gris,no,si,20,20,9324,9324,9304,2,2,no
125,5,elena,libre,no_aplica,5,1,6,15,21,no,parking,parking,0,ninguno,no,no,0,0,9612,9612,9612,2,2,no
126,6,fernando,libre,no_aplica,5,4,9,6,15,no,rosa3,propiedad,160,rosa,no,si,32,32,9256,9256,9224,3,3,no
127,7,gema,libre,no_aplica,4,2,6,15,21,no,parking,parking,0,ninguno,no,no,0,0,9576,9576,9576,1,1,no
128,8,hugo,libre,no_aplica,1,6,7,6,13,no,impuesto2,impuesto,150,ninguno,no,no,0,0,9272,9272,9272,4,4,no
129,9,irene,libre,no_aplica,2,1,3,6,9,no,gris2,propiedad,100,gris,no,si,20,20,9564,9564,9544,3,3,no
130,10,javier,libre,no_aplica,6,2,8,13,21,no,parking,parking,0,ninguno,no,no,0,0,9556,9556,9556,0,0,no
131,1,ana,libre,no_aplica,4,1,5,32,37,no,suerte6,suerte,0,ninguno,no,no,0,0,9404,9404,9404,1,1,no
132,2,bob,libre,no_aplica,2,4,6,17,23,no,suerte4,suerte,0,ninguno,no,no,0,0,9544,9544,9544,2,2,no
133,3,carla,libre,no_aplica,3,6,9,10,19,no,naranja2,propiedad,180,naranja,no,no,0,0,9264,9264,9264,5,5,no
134,4,diego,libre,no_aplica,4,4,8,9,17,no,naranja1,propiedad,180,naranja,no,si,36,36,9304,9304,9268,2,2,no
135,5,elena,libre,no_aplica,4,4,8,21,29,no,impuesto3,impuesto,100,ninguno,no,no,0,0,9612,9612,9612,2,2,no
136,6,fernando,libre,no_aplica,6,3,9,15,24,no,rojo2,propiedad,220,rojo,no,no,0,0,9224,9224,9224,3,3,no
137,7,gema,libre,no_aplica,1,2,3,21,24,no,rojo2,propiedad,220,rojo,no,si,44,44,9576,9576,9532,1,1,no
138,8,hugo,libre,no_aplica,5,6,11,13,24,no,rojo2,propiedad,220,rojo,no,si,44,44,9308,9308,9264,4,4,no
139,9,irene,libre,no_aplica,5,4,9,9,18,no,suerte3,suerte,0,ninguno,no,no,0,0,9544,9544,9544,3,3,no
140,10,javier,libre,no_aplica,4,1,5,21,26,no,estacion3,estacion,200,estacion,no,si,40,40,9556,9556,9516,0,0,no
141,1,ana,libre,no_aplica,2,5,7,37,4,si,morado2,propiedad,60,morado,no,si,12,12,9444,9444,9432,1,1,no
142,2,bob,libre,no_aplica,1,1,2,23,25,no,rojo3,propiedad,240,rojo,no,si,48,48,9544,9544,9496,2,2,no
143,3,carla,libre,no_aplica,2,5,7,19,26,no,estacion3,estacion,200,estacion,no,si,40,40,9312,9312,9272,5,5,no
144,4,diego,libre,no_aplica,1,6,7,17,24,no,rojo2,propiedad,220,rojo,no,si,44,44,9268,9268,9224,2,2,no
145,5,elena,libre,no_aplica,3,5,8,29,37,no,suerte6,suerte,0,ninguno,no,no,0,0,9612,9612,9612,2,2,no
146,6,fernando,libre,no_aplica,5,3,8,24,32,no,verde1,propiedad,300,verde,no,si,60,60,9356,9356,9296,3,3,no
147,7,gema,libre,no_aplica,4,3,7,24,11,no,visita_carcel,visita_carcel,0,ninguno,no,no,0,0,9532,9532,9532,1,1,no
148,8,hugo,libre,no_aplica,5,2,7,24,11,no,visita_carcel,visita_carcel,0,ninguno,no,no,0,0,9276,9276,9276,4,4,no
149,9,irene,libre,no_aplica,6,4,10,18,28,no,amarillo2,propiedad,260,amarillo,no,si,52,52,9544,9544,9492,3,3,no
150,10,javier,libre,no_aplica,6,6,12,26,38,no,azul1,propiedad,350,azul,si,no,0,0,9516,9516,9166,0,1,no
151,1,ana,libre,no_aplica,5,5,10,4,14,no,rosa2,propiedad,140,rosa,si,no,0,0,9472,9472,9332,1,2,no
152,2,bob,libre,no_aplica,1,2,3,25,28,no,amarillo2,propiedad,260,amarillo,no,si,52,52,9496,9496,9444,2,2,no
153,3,carla,libre,no_aplica,2,4,6,26,32,no,verde1,propiedad,300,verde,no,si,60,60,9376,9376,9316,5,5,no
154,4,diego,libre,no_aplica,3,6,9,24,33,no,verde2,propiedad,300,verde,no,si,60,60,9224,9224,9164,2,2,no
155,5,elena,libre,no_aplica,4,2,6,37,3,si,suerte1,suerte,0,ninguno,no,no,0,0,9732,9732,9732,2,2,no
156,6,fernando,libre,no_aplica,3,6,9,32,1,si,salida,salida,0,ninguno,no,no,0,0,9296,9296,9296,3,3,no
157,7,gema,encarcelado(0),pagar,0,0,0,11,11,no,visita_carcel,visita_carcel,0,ninguno,no,no,0,0,9532,9332,9332,1,1,si
158,8,hugo,encarcelado(0),tirar,0,0,0,11,11,no,visita_carcel,visita_carcel,0,ninguno,no,no,0,0,9276,9276,9276,4,4,si
159,9,irene,libre,no_aplica,1,1,2,28,30,no,amarillo3,propiedad,280,amarillo,no,si,56,56,9552,9552,9496,3,3,no
160,10,javier,libre,no_aplica,3,5,8,38,6,si,estacion1,estacion,200,estacion,no,si,40,40,9166,9166,9126,1,1,no
161,1,ana,libre,no_aplica,3,5,8,14,22,no,rojo1,propiedad,220,rojo,no,si,44,44,9332,9332,9288,2,2,no
162,2,bob,libre,no_aplica,3,2,5,28,33,no,verde2,propiedad,300,verde,no,si,60,60,9544,9544,9484,2,2,no
163,3,carla,libre,no_aplica,6,2,8,32,40,no,azul2,propiedad,400,azul,no,si,80,80,9316,9316,9236,5,5,no
164,4,diego,libre,no_aplica,3,2,5,33,38,no,azul1,propiedad,350,azul,no,si,70,70,9284,9284,9214,2,2,no
165,5,elena,libre,no_aplica,2,5,7,3,10,no,gris3,propiedad,120,gris,no,si,24,24,9732,9732,9708,2,2,no
166,6,fernando,libre,no_aplica,2,1,3,1,4,no,morado2,propiedad,60,morado,no,si,12,12,9296,9296,9284,3,3,no
167,7,gema,libre,no_aplica,6,4,10,11,21,no,parking,parking,0,ninguno,no,no,0,0,9332,9332,9332,1,1,no
168,8,hugo,encarcelado(1),tirar,0,0,0,11,11,no,visita_carcel,visita_carcel,0,ninguno,no,no,0,0,9288,9288,9288,4,4,si
169,9,irene,libre,no_aplica,1,5,6,30,36,no,estacion4,estacion,200,estacion,no,si,40,40,9580,9580,9540,3,3,no
170,10,javier,libre,no_aplica,3,3,6,6,12,no,rosa1,propiedad,140,rosa,no,si,28,28,9196,9196,9168,1,1,no
171,1,ana,libre,no_aplica,3,2,5,22,27,no,amarillo1,propiedad,260,amarillo,no,si,52,52,9288,9288,9236,2,2,no
172,2,bob,libre,no_aplica,5,4,9,33,2,si,morado1,propiedad,60,morado,no,si,12,12,9484,9484,9472,2,2,no
173,3,carla,libre,no_aplica,5,2,7,40,7,si,gris1,propiedad,100,gris,no,si,20,20,9236,9236,9216,5,5,no
174,4,diego,libre,no_aplica,4,4,8,38,6,si,estacion1,estacion,200,estacion,no,no,0,0,9214,9214,9214,2,2,no
175,5,elena,libre,no_aplica,3,6,9,10,19,no,naranja2,propiedad,180,naranja,no,si,36,36,9748,9748,9712,2,2,no
176,6,fernando,libre,no_aplica,6,3,9,4,13,no,impuesto2,impuesto,150,ninguno,no,no,0,0,9296,9296,9296,3,3,no
177,7,gema,libre,no_aplica,5,6,11,21,32,no,verde1,propiedad,300,verde,no,si,60,60,9332,9332,9272,1,1,no
178,8,hugo,encarcelado(2),tirar,0,0,0,11,11,no,visita_carcel,visita_carcel,0,ninguno,no,no,0,0,9368,9368,9368,4,4,si
179,9,irene,libre,no_aplica,2,3,5,36,1,si,salida,salida,0,ninguno,no,no,0,0,9560,9560,9560,3,3,no
180,10,javier,libre,no_aplica,1,6,7,12,19,no,naranja2,propiedad,180,naranja,no,si,36,36,9168,9168,9132,1,1,no
181,1,ana,libre,no_aplica,6,1,7,27,34,no,suerte5,suerte,0,ninguno,no,no,0,0,9236,9236,9236,2,2,no
182,2,bob,libre,no_aplica,1,5,6,2,8,no,suerte2,suerte,0,ninguno,no,no,0,0,9472,9472,9472,2,2,no
183,3,carla,libre,no_aplica,4,3,7,7,14,no,rosa2,propiedad,140,rosa,no,si,28,28,9288,9288,9260,5,5,no
184,4,diego,libre,no_aplica,5,6,11,6,17,no,naranja1,propiedad,180,naranja,no,si,36,36,9214,9214,9178,2,2,no
185,5,elena,libre,no_aplica,6,2,8,19,27,no,amarillo1,propiedad,260,amarillo,no,si,52,52,9772,9772,9720,2,2,no
186,6,fernando,libre,no_aplica,2,4,6,13,19,no,naranja2,propiedad,180,naranja,no,si,36,36,9296,9296,9260,3,3,no
187,7,gema,libre,no_aplica,4,3,7,32,39,no,impuesto4,impuesto,100,ninguno,no,no,0,0,9272,9272,9272,1,1,no
188,8,hugo,encarcelado(3),liberacion_automatica,1,3,4,11,15,no,rosa3,propiedad,160,rosa,no,si,32,32,9456,9456,9424,4,4,no
189,9,irene,libre,no_aplica,4,4,8,1,9,no,gris2,propiedad,100,gris,no,si,20,20,9560,9560,9540,3,3,no
190,10,javier,libre,no_aplica,3,2,5,19,24,no,rojo2,propiedad,220,rojo,no,si,44,44,9132,9132,9088,1,1,no
191,1,ana,libre,no_aplica,3,4,7,34,1,si,salida,salida,0,ninguno,no,no,0,0,9264,9264,9264,2,2,no
192,2,bob,libre,no_aplica,2,3,5,8,13,no,impuesto2,impuesto,150,ninguno,no,no,0,0,9472,9472,9472,2,2,no
193,3,carla,libre,no_aplica,3,1,4,14,18,no,suerte3,suerte,0,ninguno,no,no,0,0,9316,9316,9316,5,5,no
194,4,diego,libre,no_aplica,6,2,8,17,25,no,rojo3,propiedad,240,rojo,no,si,48,48,9178,9178,9130,2,2,no
195,5,elena,libre,no_aplica,5,1,6,27,33,no,verde2,propiedad,300,verde,no,si,60,60,9720,9720,9660,2,2,no
196,6,fernando,libre,no_aplica,1,1,2,19,21,no,parking,parking,0,ninguno,no,no,0,0,9304,9304,9304,3,3,no
197,7,gema,libre,no_aplica,4,1,5,39,4,si,morado2,propiedad,60,morado,no,si,12,12,9304,9304,9292,1,1,no
198,8,hugo,libre,no_aplica,1,5,6,15,21,no,parking,parking,0,ninguno,no,no,0,0,9436,9436,9436,4,4,no
199,9,irene,libre,no_aplica,4,6,10,9,19,no,naranja2,propiedad,180,naranja,no,si,36,36,9600,9600,9564,3,3,no
200,10,javier,libre,no_aplica,2,1,3,24,27,no,amarillo1,propiedad,260,amarillo,no,si,52,52,9088,9088,9036,1,1,no
201,1,ana,libre,no_aplica,6,5,11,1,12,no,rosa1,propiedad,140,rosa,no,si,28,28,9264,9264,9236,2,2,no
202,2,bob,libre,no_aplica,2,1,3,13,16,no,estacion2,estacion,200,estacion,no,si,40,40,9472,9472,9432,2,2,no
203,3,carla,libre,no_aplica,6,4,10,18,28,no,amarillo2,propiedad,260,amarillo,no,no,0,0,9400,9400,9400,5,5,no
204,4,diego,libre,no_aplica,5,3,8,25,33,no,verde2,propiedad,300,verde,no,si,60,60,9130,9130,9070,2,2,no
205,5,elena,libre,no_aplica,1,2,3,33,36,no,estacion4,estacion,200,estacion,no,no,0,0,9660,9660,9660,2,2,no
206,6,fernando,libre,no_aplica,3,4,7,21,28,no,amarillo2,propiedad,260,amarillo,no,si,52,52,9344,9344,9292,3,3,no
207,7,gema,libre,no_aplica,1,4,5,4,9,no,gris2,propiedad,100,gris,no,si,20,20,9292,9292,9272,1,1,no
208,8,hugo,libre,no_aplica,5,6,11,21,32,no,verde1,propiedad,300,verde,no,si,60,60,9516,9516,9456,4,4,no
209,9,irene,libre,no_aplica,4,2,6,19,25,no,rojo3,propiedad,240,rojo,no,si,48,48,9624,9624,9576,3,3,no
210,10,javier,libre,no_aplica,3,6,9,27,36,no,estacion4,estacion,200,estacion,no,si,40,40,9036,9036,8996,1,1,no
211,1,ana,libre,no_aplica,2,4,6,12,18,no,suerte3,suerte,0,ninguno,no,no,0,0,9236,9236,9236,2,2,no
212,2,bob,libre,no_aplica,6,1,7,16,23,no,suerte4,suerte,0,ninguno,no,no,0,0,9432,9432,9432,2,2,no
213,3,carla,libre,no_aplica,5,1,6,28,34,no,suerte5,suerte,0,ninguno,no,no,0,0,9520,9520,9520,5,5,no
214,4,diego,libre,no_aplica,1,1,2,33,35,no,verde3,propiedad,320,verde,no,si,64,64,9070,9070,9006,2,2,no
215,5,elena,libre,no_aplica,4,5,9,36,5,si,impuesto1,impuesto,200,ninguno,no,no,0,0,9760,9760,9760,2,2,no
216,6,fernando,libre,no_aplica,2,5,7,28,35,no,verde3,propiedad,320,verde,no,si,64,64,9292,9292,9228,3,3,no
217,7,gema,libre,no_aplica,3,5,8,9,17,no,naranja1,propiedad,180,naranja,no,si,36,36,9272,9272,9236,1,1,no
218,8,hugo,libre,no_aplica,2,6,8,32,40,no,azul2,propiedad,400,azul,no,si,80,80,9492,9492,9412,4,4,no
219,9,irene,libre,no_aplica,2,2,4,25,29,no,impuesto3,impuesto,100,ninguno,no,no,0,0,9576,9576,9576,3,3,no
220,10,javier,libre,no_aplica,5,6,11,36,7,si,gris1,propiedad,100,gris,no,si,20,20,8996,8996,8976,1,1,no
221,1,ana,libre,no_aplica,3,4,7,18,25,no,rojo3,propiedad,240,rojo,no,si,48,48,9236,9236,9188,2,2,no
222,2,bob,libre,no_aplica,6,1,7,23,30,no,amarillo3,propiedad,280,amarillo,no,no,0,0,9432,9432,9432,2,2,no
223,3,carla,libre,no_aplica,2,3,5,34,39,no,impuesto4,impuesto,100,ninguno,no,no,0,0,9696,9696,9696,5,5,no
224,4,diego,libre,no_aplica,6,2,8,35,3,si,suerte1,suerte,0,ninguno,no,no,0,0,9086,9086,9086,2,2,no
225,5,elena,libre,no_aplica,2,5,7,5,12,no,rosa1,propiedad,140,rosa,no,si,28,28,9760,9760,9732,2,2,no
226,6,fernando,libre,no_aplica,3,5,8,35,3,si,suerte1,suerte,0,ninguno,no,no,0,0,9228,9228,9228,3,3,no
227,7,gema,libre,no_aplica,4,1,5,17,22,no,rojo1,propiedad,220,rojo,no,si,44,44,9236,9236,9192,1,1,no
228,8,hugo,libre,no_aplica,2,5,7,40,7,si,gris1,propiedad,100,gris,no,si,20,20,9440,9440,9420,4,4,no
229,9,irene,libre,no_aplica,1,5,6,29,35,no,verde3,propiedad,320,verde,no,si,64,64,9616,9616,9552,3,3,no
230,10,javier,libre,no_aplica,4,6,10,7,17,no,naranja1,propiedad,180,naranja,no,si,36,36,8976,8976,8940,1,1,no
231,1,ana,libre,no_aplica,3,1,4,25,29,no,impuesto3,impuesto,100,ninguno,no,no,0,0,9188,9188,9188,2,2,no
232,2,bob,libre,no_aplica,3,5,8,30,38,no,azul1,propiedad,350,azul,no,si,70,70,9476,9476,9406,2,2,no
233,3,carla,libre,no_aplica,1,4,5,39,4,si,morado2,propiedad,60,morado,no,si,12,12,9760,9760,9748,5,5,no
234,4,diego,libre,no_aplica,3,2,5,3,8,no,suerte2,suerte,0,ninguno,no,no,0,0,9086,9086,9086,2,2,no
235,5,elena,libre,no_aplica,2,4,6,12,18,no,suerte3,suerte,0,ninguno,no,no,0,0,9732,9732,9732,2,2,no
236,6,fernando,libre,no_aplica,3,3,6,3,9,no,gris2,propiedad,100,gris,no,si,20,20,9228,9228,9208,3,3,no
237,7,gema,libre,no_aplica,5,6,11,22,33,no,verde2,propiedad,300,verde,no,si,60,60,9192,9192,9132,1,1,no
238,8,hugo,libre,no_aplica,2,4,6,7,13,no,impuesto2,impuesto,150,ninguno,no,no,0,0,9468,9468,9468,4,4,no
239,9,irene,libre,no_aplica,6,2,8,35,3,si,suerte1,suerte,0,ninguno,no,no,0,0,9612,9612,9612,3,3,no
240,10,javier,libre,no_aplica,2,1,3,17,20,no,naranja3,propiedad,200,naranja,si,no,0,0,9010,9010,8810,1,2,no
241,1,ana,libre,no_aplica,6,6,12,29,1,si,salida,salida,0,ninguno,no,no,0,0,9188,9188,9188,2,2,no
242,2,bob,libre,no_aplica,5,4,9,38,7,si,gris1,propiedad,100,gris,no,si,20,20,9406,9406,9386,2,2,no
243,3,carla,libre,no_aplica,1,1,2,4,6,no,estacion1,estacion,200,estacion,no,si,40,40,9768,9768,9728,5,5,no
244,4,diego,libre,no_aplica,4,6,10,8,18,no,suerte3,suerte,0,ninguno,no,no,0,0,9126,9126,9126,2,2,no
245,5,elena,libre,no_aplica,6,3,9,18,27,no,amarillo1,propiedad,260,amarillo,no,si,52,52,9732,9732,9680,2,2,no
246,6,fernando,libre,no_aplica,3,6,9,9,18,no,suerte3,suerte,0,ninguno,no,no,0,0,9208,9208,9208,3,3,no
247,7,gema,libre,no_aplica,5,6,11,33,4,si,morado2,propiedad,60,morado,no,si,12,12,9132,9132,9120,1,1,no
248,8,hugo,libre,no_aplica,4,4,8,13,21,no,parking,parking,0,ninguno,no,no,0,0,9532,9532,9532,4,4,no
249,9,irene,libre,no_aplica,1,6,7,3,10,no,gris3,propiedad,120,gris,no,no,0,0,9632,9632,9632,3,3,no
250,10,javier,libre,no_aplica,6,2,8,20,28,no,amarillo2,propiedad,260,amarillo,no,si,52,52,8810,8810,8758,2,2,no
251,1,ana,libre,no_aplica,3,6,9,1,10,no,gris3,propiedad,120,gris,no,si,24,24,9188,9188,9164,2,2,no
252,2,bob,libre,no_aplica,3,1,4,7,11,no,visita_carcel,visita_carcel,0,ninguno,no,no,0,0,9386,9386,9386,2,2,no
253,3,carla,libre,no_aplica,6,6,12,6,18,no,suerte3,suerte,0,ninguno,no,no,0,0,9780,9780,9780,5,5,no
254,4,diego,libre,no_aplica,6,2,8,18,26,no,estacion3,estacion,200,estacion,no,si,40,40,9126,9126,9086,2,2,no
255,5,elena,libre,no_aplica,4,3,7,27,34,no,suerte5,suerte,0,ninguno,no,no,0,0,9680,9680,9680,2,2,no
256,6,fernando,libre,no_aplica,3,3,6,18,24,no,rojo2,propiedad,220,rojo,no,no,0,0,9208,9208,9208,3,3,no
257,7,gema,libre,no_aplica,5,4,9,4,13,no,impuesto2,impuesto,150,ninguno,no,no,0,0,9120,9120,9120,1,1,no
258,8,hugo,libre,no_aplica,1,4,5,21,26,no,estacion3,estacion,200,estacion,no,si,40,40,9532,9532,9492,4,4,no
259,9,irene,libre,no_aplica,3,3,6,10,16,no,estacion2,estacion,200,estacion,no,si,40,40,9656,9656,9616,3,3,no
260,10,javier,libre,no_aplica,3,3,6,28,34,no,suerte5,suerte,0,ninguno,no,no,0,0,8758,8758,8758,2,2,no
261,1,ana,libre,no_aplica,6,5,11,10,21,no,parking,parking,0,ninguno,no,no,0,0,9244,9244,9244,2,2,no
262,2,bob,libre,no_aplica,6,3,9,11,20,no,naranja3,propiedad,200,naranja,no,si,40,40,9386,9386,9346,2,2,no
263,3,carla,libre,no_aplica,4,2,6,18,24,no,rojo2,propiedad,220,rojo,no,si,44,44,9780,9780,9736,5,5,no
264,4,diego,libre,no_aplica,5,3,8,26,34,no,suerte5,suerte,0,ninguno,no,no,0,0,9086,9086,9086,2,2,no
265,5,elena,libre,no_aplica,6,1,7,34,1,si,salida,salida,0,ninguno,no,no,0,0,9680,9680,9680,2,2,no
266,6,fernando,libre,no_aplica,1,4,5,24,29,no,impuesto3,impuesto,100,ninguno,no,no,0,0,9292,9292,9292,3,3,no
267,7,gema,libre,no_aplica,3,4,7,13,20,no,naranja3,propiedad,200,naranja,no,si,40,40,9120,9120,9080,1,1,no
268,8,hugo,libre,no_aplica,2,6,8,26,34,no,suerte5,suerte,0,ninguno,no,no,0,0,9492,9492,9492,4,4,no
269,9,irene,libre,no_aplica,5,1,6,16,22,no,rojo1,propiedad,220,rojo,no,si,44,44,9616,9616,9572,3,3,no
270,10,javier,libre,no_aplica,2,2,4,34,38,no,azul1,propiedad,350,azul,no,no,0,0,8838,8838,8838,2,2,no
271,1,ana,libre,no_aplica,6,6,12,21,33,no,verde2,propiedad,300,verde,no,si,60,60,9244,9244,9184,2,2,no
272,2,bob,libre,no_aplica,2,6,8,20,28,no,amarillo2,propiedad,260,amarillo,no,si,52,52,9390,9390,9338,2,2,no
273,3,carla,libre,no_aplica,3,2,5,24,29,no,impuesto3,impuesto,100,ninguno,no,no,0,0,9788,9788,9788,5,5,no
274,4,diego,libre,no_aplica,1,3,4,34,38,no,azul1,propiedad,350,azul,no,si,70,70,9086,9086,9016,2,2,no
275,5,elena,libre,no_aplica,1,5,6,1,7,no,gris1,propiedad,100,gris,no,si,20,20,9680,9680,9660,2,2,no
276,6,fernando,libre,no_aplica,5,5,10,29,39,no,impuesto4,impuesto,100,ninguno,no,no,0,0,9292,9292,9292,3,3,no
277,7,gema,libre,no_aplica,2,2,4,20,24,no,rojo2,propiedad,220,rojo,no,si,44,44,9080,9080,9036,1,1,no
278,8,hugo,libre,no_aplica,5,4,9,34,3,si,suerte1,suerte,0,ninguno,no,no,0,0,9492,9492,9492,4,4,no
279,9,irene,libre,no_aplica,5,6,11,22,33,no,verde2,propiedad,300,verde,no,no,0,0,9652,9652,9652,3,3,no
280,10,javier,libre,no_aplica,4,2,6,38,4,si,morado2,propiedad,60,morado,no,si,12,12,8908,8908,8896,2,2,no
281,1,ana,libre,no_aplica,1,4,5,33,38,no,azul1,propiedad,350,azul,no,si,70,70,9184,9184,9114,2,2,no
282,2,bob,libre,no_aplica,4,3,7,28,35,no,verde3,propiedad,320,verde,no,si,64,64,9338,9338,9274,2,2,no
283,3,carla,libre,no_aplica,1,1,2,29,11,no,visita_carcel,visita_carcel,0,ninguno,no,no,0,0,9852,9852,9852,5,5,no
284,4,diego,libre,no_aplica,5,4,9,38,7,si,gris1,propiedad,100,gris,no,si,20,20,9016,9016,8996,2,2,no
285,5,elena,libre,no_aplica,2,5,7,7,14,no,rosa2,propiedad,140,rosa,no,si,28,28,9660,9660,9632,2,2,no
286,6,fernando,libre,no_aplica,4,4,8,39,7,si,gris1,propiedad,100,gris,no,si,20,20,9336,9336,9316,3,3,no
287,7,gema,libre,no_aplica,1,5,6,24,30,no,amarillo3,propiedad,280,amarillo,no,si,56,56,9036,9036,8980,1,1,no
288,8,hugo,libre,no_aplica,4,6,10,3,13,no,impuesto2,impuesto,150,ninguno,no,no,0,0,9504,9504,9504,4,4,no
289,9,irene,libre,no_aplica,6,2,8,33,1,si,salida,salida,0,ninguno,no,no,0,0,9692,9692,9692,3,3,no
290,10,javier,libre,no_aplica,3,1,4,4,8,no,suerte2,suerte,0,ninguno,no,no,0,0,8966,8966,8966,2,2,no
291,1,ana,libre,no_aplica,3,3,6,38,4,si,morado2,propiedad,60,morado,no,si,12,12,9142,9142,9130,2,2,no
292,2,bob,libre,no_aplica,1,6,7,35,2,si,morado1,propiedad,60,morado,no,si,12,12,9330,9330,9318,2,2,no
293,3,carla,encarcelado(0),pagar,0,0,0,11,11,no,visita_carcel,visita_carcel,0,ninguno,no,no,0,0,9852,9652,9652,5,5,si
294,4,diego,libre,no_aplica,5,4,9,7,16,no,estacion2,estacion,200,estacion,no,si,40,40,8996,8996,8956,2,2,no
295,5,elena,libre,no_aplica,5,1,6,14,20,no,naranja3,propiedad,200,naranja,no,si,40,40,9632,9632,9592,2,2,no
296,6,fernando,libre,no_aplica,5,1,6,7,13,no,impuesto2,impuesto,150,ninguno,no,no,0,0,9368,9368,9368,3,3,no
297,7,gema,libre,no_aplica,6,5,11,30,1,si,salida,salida,0,ninguno,no,no,0,0,8980,8980,8980,1,1,no
298,8,hugo,libre,no_aplica,1,3,4,13,17,no,naranja1,propiedad,180,naranja,no,no,0,0,9516,9516,9516,4,4,no
299,9,irene,libre,no_aplica,3,3,6,1,7,no,gris1,propiedad,100,gris,no,no,0,0,9692,9692,9692,3,3,no
300,10,javier,libre,no_aplica,2,3,5,8,13,no,impuesto2,impuesto,150,ninguno,no,no,0,0,9006,9006,9006,2,2,no
301,1,ana,libre,no_aplica,1,2,3,4,7,no,gris1,propiedad,100,gris,no,si,20,20,9130,9130,9110,2,2,no
302,2,bob,libre,no_aplica,5,5,10,2,12,no,rosa1,propiedad,140,rosa,no,si,28,28,9318,9318,9290,2,2,no
303,3,carla,libre,no_aplica,4,3,7,11,18,no,suerte3,suerte,0,ninguno,no,no,0,0,9652,9652,9652,5,5,no
304,4,diego,libre,no_aplica,5,2,7,16,23,no,suerte4,suerte,0,ninguno,no,no,0,0,8956,8956,8956,2,2,no
305,5,elena,libre,no_aplica,6,1,7,20,27,no,amarillo1,propiedad,260,amarillo,no,si,52,52,9592,9592,9540,2,2,no
306,6,fernando,libre,no_aplica,2,1,3,13,16,no,estacion2,estacion,200,estacion,no,no,0,0,9368,9368,9368,3,3,no
307,7,gema,libre,no_aplica,5,1,6,1,7,no,gris1,propiedad,100,gris,no,si,20,20,8980,8980,8960,1,1,no
308,8,hugo,libre,no_aplica,5,4,9,17,26,no,estacion3,estacion,200,estacion,no,si,40,40,9596,9596,9556,4,4,no
309,9,irene,libre,no_aplica,4,2,6,7,13,no,impuesto2,impuesto,150,ninguno,no,no,0,0,9732,9732,9732,3,3,no
310,10,javier,libre,no_aplica,1,6,7,13,20,no,naranja3,propiedad,200,naranja,no,no,0,0,9006,9006,9006,2,2,no
311,1,ana,libre,no_aplica,2,1,3,7,10,no,gris3,propiedad,120,gris,no,si,24,24,9150,9150,9126,2,2,no
312,2,bob,libre,no_aplica,6,2,8,12,20,no,naranja3,propiedad,200,naranja,no,si,40,40,9290,9290,9250,2,2,no
313,3,carla,libre,no_aplica,4,1,5,18,23,no,suerte4,suerte,0,ninguno,no,no,0,0,9652,9652,9652,5,5,no
314,4,diego,libre,no_aplica,2,4,6,23,29,no,impuesto3,impuesto,100,ninguno,no,no,0,0,8956,8956,8956,2,2,no
315,5,elena,libre,no_aplica,3,6,9,27,36,no,estacion4,estacion,200,estacion,no,no,0,0,9540,9540,9540,2,2,no
316,6,fernando,libre,no_aplica,4,4,8,16,24,no,rojo2,propiedad,220,rojo,no,no,0,0,9368,9368,9368,3,3,no
317,7,gema,libre,no_aplica,4,4,8,7,15,no,rosa3,propiedad,160,rosa,no,no,0,0,8960,8960,8960,1,1,no
318,8,hugo,libre,no_aplica,6,3,9,26,35,no,verde3,propiedad,320,verde,no,si,64,64,9556,9556,9492,4,4,no
319,9,irene,libre,no_aplica,1,2,3,13,16,no,estacion2,estacion,200,estacion,no,si,40,40,9756,9756,9716,3,3,no
320,10,javier,libre,no_aplica,5,6,11,20,11,no,visita_carcel,visita_carcel,0,ninguno,no,no,0,0,9046,9046,9046,2,2,no
321,1,ana,libre,no_aplica,5,4,9,10,19,no,naranja2,propiedad,180,naranja,no,si,36,36,9126,9126,9090,2,2,no
322,2,bob,libre,no_aplica,4,1,5,20,25,no,rojo3,propiedad,240,rojo,no,si,48,48,9250,9250,9202,2,2,no
323,3,carla,libre,no_aplica,2,5,7,23,30,no,amarillo3,propiedad,280,amarillo,no,si,56,56,9800,9800,9744,5,5,no
324,4,diego,libre,no_aplica,1,1,2,29,11,no,visita_carcel,visita_carcel,0,ninguno,no,no,0,0,8956,8956,8956,2,2,no
325,5,elena,libre,no_aplica,2,5,7,36,3,si,suerte1,suerte,0,ninguno,no,no,0,0,9540,9540,9540,2,2,no
326,6,fernando,libre,no_aplica,1,6,7,24,11,no,visita_carcel,visita_carcel,0,ninguno,no,no,0,0,9408,9408,9408,3,3,no
327,7,gema,libre,no_aplica,3,5,8,15,23,no,suerte4,suerte,0,ninguno,no,no,0,0,8960,8960,8960,1,1,no
328,8,hugo,libre,no_aplica,5,3,8,35,3,si,suerte1,suerte,0,ninguno,no,no,0,0,9492,9492,9492,4,4,no
329,9,irene,libre,no_aplica,4,3,7,16,23,no,suerte4,suerte,0,ninguno,no,no,0,0,9716,9716,9716,3,3,no
330,10,javier,encarcelado(0),tirar,0,0,0,11,11,no,visita_carcel,visita_carcel,0,ninguno,no,no,0,0,9046,9046,9046,2,2,si
331,1,ana,libre,no_aplica,6,4,10,19,29,no,impuesto3,impuesto,100,ninguno,no,no,0,0,9090,9090,9090,2,2,no
332,2,bob,libre,no_aplica,6,6,12,25,37,no,suerte6,suerte,0,ninguno,no,no,0,0,9258,9258,9258,2,2,no
333,3,carla,libre,no_aplica,5,5,10,30,40,no,azul2,propiedad,400,azul,no,si,80,80,9744,9744,9664,5,5,no
334,4,diego,encarcelado(0),tirar,0,0,0,11,11,no,visita_carcel,visita_carcel,0,ninguno,no,no,0,0,9036,9036,9036,2,2,si
335,5,elena,libre,no_aplica,2,4,6,3,9,no,gris2,propiedad,100,gris,no,si,20,20,9540,9540,9520,2,2,no
336,6,fernando,encarcelado(0),tirar,0,0,0,11,11,no,visita_carcel,visita_carcel,0,ninguno,no,no,0,0,9408,9408,9408,3,3,si
337,7,gema,libre,no_aplica,4,2,6,23,29,no,impuesto3,impuesto,100,ninguno,no,no,0,0,8960,8960,8960,1,1,no
338,8,hugo,libre,no_aplica,3,6,9,3,12,no,rosa1,propiedad,140,rosa,no,no,0,0,9492,9492,9492,4,4,no
339,9,irene,libre,no_aplica,3,5,8,23,11,no,visita_carcel,visita_carcel,0,ninguno,no,no,0,0,9716,9716,9716,3,3,no
340,10,javier,encarcelado(1),tirar,0,0,0,11,11,no,visita_carcel,visita_carcel,0,ninguno,no,no,0,0,9046,9046,9046,2,2,si
341,1,ana,libre,no_aplica,3,5,8,29,37,no,suerte6,suerte,0,ninguno,no,no,0,0,9090,9090,9090,2,2,no
342,2,bob,libre,no_aplica,3,5,8,37,5,si,impuesto1,impuesto,200,ninguno,no,no,0,0,9258,9258,9258,2,2,no
343,3,carla,libre,no_aplica,3,2,5,40,5,si,impuesto1,impuesto,200,ninguno,no,no,0,0,9684,9684,9684,5,5,no
344,4,diego,encarcelado(1),tirar,0,0,0,11,11,no,visita_carcel,visita_carcel,0,ninguno,no,no,0,0,9036,9036,9036,2,2,si
345,5,elena,libre,no_aplica,3,2,5,9,14,no,rosa2,propiedad,140,rosa,no,si,28,28,9520,9520,9492,2,2,no
346,6,fernando,encarcelado(1),tirar,0,0,0,11,11,no,visita_carcel,visita_carcel,0,ninguno,no,no,0,0,9408,9408,9408,3,3,si
347,7,gema,libre,no_aplica,2,1,3,29,32,no,verde1,propiedad,300,verde,no,si,60,60,8960,8960,8900,1,1,no
348,8,hugo,libre,no_aplica,6,4,10,12,22,no,rojo1,propiedad,220,rojo,no,si,44,44,9492,9492,9448,4,4,no
349,9,irene,encarcelado(0),pagar,0,0,0,11,11,no,visita_carcel,visita_carcel,0,ninguno,no,no,0,0,9716,9516,9516,3,3,si
350,10,javier,libre,no_aplica,3,4,7,11,18,no,suerte3,suerte,0,ninguno,no,no,0,0,9046,9046,9046,2,2,no
351,1,ana,libre,no_aplica,1,5,6,37,3,si,suerte1,suerte,0,ninguno,no,no,0,0,9118,9118,9118,2,2,no
352,2,bob,libre,no_aplica,3,3,6,5,11,no,visita_carcel,visita_carcel,0,ninguno,no,no,0,0,9302,9302,9302,2,2,no
353,3,carla,libre,no_aplica,3,2,5,5,10,no,gris3,propiedad,120,gris,no,si,24,24,9684,9684,9660,5,5,no
354,4,diego,encarcelado(2),tirar,0,0,0,11,11,no,visita_carcel,visita_carcel,0,ninguno,no,no,0,0,9036,9036,9036,2,2,si
355,5,elena,libre,no_aplica,5,2,7,14,21,no,parking,parking,0,ninguno,no,no,0,0,9552,9552,9552,2,2,no
356,6,fernando,encarcelado(2),tirar,0,0,0,11,11,no,visita_carcel,visita_carcel,0,ninguno,no,no,0,0,9408,9408,9408,3,3,si
357,7,gema,libre,no_aplica,3,6,9,32,1,si,salida,salida,0,ninguno,no,no,0,0,8900,8900,8900,1,1,no
358,8,hugo,libre,no_aplica,6,3,9,22,11,no,visita_carcel,visita_carcel,0,ninguno,no,no,0,0,9448,9448,9448,4,4,no
359,9,irene,libre,no_aplica,5,6,11,11,22,no,rojo1,propiedad,220,rojo,no,si,44,44,9540,9540,9496,3,3,no
360,10,javier,libre,no_aplica,5,1,6,18,24,no,rojo2,propiedad,220,rojo,no,si,44,44,9046,9046,9002,2,2,no
361,1,ana,libre,no_aplica,2,3,5,3,8,no,suerte2,suerte,0,ninguno,no,no,0,0,9118,9118,9118,2,2,no
362,2,bob,libre,no_aplica,1,6,7,11,18,no,suerte3,suerte,0,ninguno,no,no,0,0,9346,9346,9346,2,2,no
363,3,carla,libre,no_aplica,6,1,7,10,17,no,naranja1,propiedad,180,naranja,no,si,36,36,9660,9660,9624,5,5,no
364,4,diego,encarcelado(3),liberacion_automatica,1,5,6,11,17,no,naranja1,propiedad,180,naranja,no,si,36,36,9036,9036,9000,2,2,no
365,5,elena,libre,no_aplica,4,3,7,21,28,no,amarillo2,propiedad,260,amarillo,no,si,52,52,9552,9552,9500,2,2,no
366,6,fernando,libre,no_aplica,5,6,11,11,22,no,rojo1,propiedad,220,rojo,no,si,44,44,9452,9452,9408,3,3,no
367,7,gema,libre,no_aplica,6,2,8,1,9,no,gris2,propiedad,100,gris,no,si,20,20,8900,8900,8880,1,1,no
368,8,hugo,encarcelado(0),pagar,0,0,0,11,11,no,visita_carcel,visita_carcel,0,ninguno,no,no,0,0,9520,9320,9320,4,4,si
369,9,irene,libre,no_aplica,2,4,6,22,28,no,amarillo2,propiedad,260,amarillo,no,si,52,52,9496,9496,9444,3,3,no
370,10,javier,libre,no_aplica,4,3,7,24,11,no,visita_carcel,visita_carcel,0,ninguno,no,no,0,0,9002,9002,9002,2,2,no
371,1,ana,libre,no_aplica,1,3,4,8,12,no,rosa1,propiedad,140,rosa,no,si,28,28,9118,9118,9090,2,2,no
372,2,bob,libre,no_aplica,4,4,8,18,26,no,estacion3,estacion,200,estacion,no,si,40,40,9390,9390,9350,2,2,no
373,3,carla,libre,no_aplica,3,2,5,17,22,no,rojo1,propiedad,220,rojo,no,si,44,44,9748,9748,9704,5,5,no
374,4,diego,libre,no_aplica,3,4,7,17,24,no,rojo2,propiedad,220,rojo,no,si,44,44,9000,9000,8956,2,2,no
375,5,elena,libre,no_aplica,2,3,5,28,33,no,verde2,propiedad,300,verde,no,si,60,60,9500,9500,9440,2,2,no
376,6,fernando,libre,no_aplica,3,1,4,22,26,no,estacion3,estacion,200,estacion,no,si,40,40,9452,9452,9412,3,3,no
377,7,gema,libre,no_aplica,6,2,8,9,17,no,naranja1,propiedad,180,naranja,no,si,36,36,8880,8880,8844,1,1,no
378,8,hugo,libre,no_aplica,5,1,6,11,17,no,naranja1,propiedad,180,naranja,no,no,0,0,9384,9384,9384,4,4,no
379,9,irene,libre,no_aplica,1,1,2,28,30,no,amarillo3,propiedad,280,amarillo,no,si,56,56,9504,9504,9448,3,3,no
380,10,javier,encarcelado(0),tirar,0,0,0,11,11,no,visita_carcel,visita_carcel,0,ninguno,no,no,0,0,9002,9002,9002,2,2,si
381,1,ana,libre,no_aplica,1,5,6,12,18,no,suerte3,suerte,0,ninguno,no,no,0,0,9170,9170,9170,2,2,no
382,2,bob,libre,no_aplica,4,6,10,26,36,no,estacion4,estacion,200,estacion,no,si,40,40,9450,9450,9410,2,2,no
383,3,carla,libre,no_aplica,2,1,3,22,25,no,rojo3,propiedad,240,rojo,no,no,0,0,9704,9704,9704,5,5,no
384,4,diego,libre,no_aplica,6,5,11,24,35,no,verde3,propiedad,320,verde,no,si,64,64,8956,8956,8892,2,2,no
385,5,elena,libre,no_aplica,2,1,3,33,36,no,estacion4,estacion,200,estacion,no,no,0,0,9480,9480,9480,2,2,no
386,6,fernando,libre,no_aplica,6,4,10,26,36,no,estacion4,estacion,200,estacion,no,si,40,40,9412,9412,9372,3,3,no
387,7,gema,libre,no_aplica,5,3,8,17,25,no,rojo3,propiedad,240,rojo,no,si,48,48,8844,8844,8796,1,1,no
388,8,hugo,libre,no_aplica,1,2,3,17,20,no,naranja3,propiedad,200,naranja,no,si,40,40,9384,9384,9344,4,4,no
389,9,irene,libre,no_aplica,3,4,7,30,37,no,suerte6,suerte,0,ninguno,no,no,0,0,9448,9448,9448,3,3,no
390,10,javier,encarcelado(1),tirar,0,0,0,11,11,no,visita_carcel,visita_carcel,0,ninguno,no,no,0,0,9042,9042,9042,2,2,si
391,1,ana,libre,no_aplica,5,6,11,18,29,no,impuesto3,impuesto,100,ninguno,no,no,0,0,9170,9170,9170,2,2,no
392,2,bob,libre,no_aplica,4,2,6,36,2,si,morado1,propiedad,60,morado,no,si,12,12,9410,9410,9398,2,2,no
393,3,carla,libre,no_aplica,3,6,9,25,34,no,suerte5,suerte,0,ninguno,no,no,0,0,9816,9816,9816,5,5,no
394,4,diego,libre,no_aplica,2,4,6,35,1,si,salida,salida,0,ninguno,no,no,0,0,8892,8892,8892,2,2,no
395,5,elena,libre,no_aplica,6,1,7,36,3,si,suerte1,suerte,0,ninguno,no,no,0,0,9520,9520,9520,2,2,no
396,6,fernando,libre,no_aplica,5,1,6,36,2,si,morado1,propiedad,60,morado,no,no,0,0,9384,9384,9384,3,3,no
397,7,gema,libre,no_aplica,1,1,2,25,27,no,amarillo1,propiedad,260,amarillo,no,si,52,52,8796,8796,8744,1,1,no
398,8,hugo,libre,no_aplica,4,5,9,20,29,no,impuesto3,impuesto,100,ninguno,no,no,0,0,9396,9396,9396,4,4,no
399,9,irene,libre,no_aplica,2,5,7,37,4,si,morado2,propiedad,60,morado,no,si,12,12,9448,9448,9436,3,3,no
400,10,javier,encarcelado(2),tirar,0,0,0,11,11,no,visita_carcel,visita_carcel,0,ninguno,no,no,0,0,9042,9042,9042,2,2,si
401,1,ana,libre,no_aplica,2,6,8,29,37,no,suerte6,suerte,0,ninguno,no,no,0,0,9170,9170,9170,2,2,no
402,2,bob,libre,no_aplica,2,2,4,2,6,no,estacion1,estacion,200,estacion,no,si,40,40,9398,9398,9358,2,2,no
403,3,carla,libre,no_aplica,5,6,11,34,5,si,impuesto1,impuesto,200,ninguno,no,no,0,0,9816,9816,9816,5,5,no
404,4,diego,libre,no_aplica,3,4,7,1,8,no,suerte2,suerte,0,ninguno,no,no,0,0,8932,8932,8932,2,2,no
405,5,elena,libre,no_aplica,6,1,7,3,10,no,gris3,propiedad,120,gris,no,si,24,24,9520,9520,9496,2,2,no
406,6,fernando,libre,no_aplica,2,3,5,2,7,no,gris1,propiedad,100,gris,no,si,20,20,9384,9384,9364,3,3,no
407,7,gema,libre,no_aplica,6,2,8,27,35,no,verde3,propiedad,320,verde,no,si,64,64,8744,8744,8680,1,1,no
408,8,hugo,libre,no_aplica,2,5,7,29,36,no,estacion4,estacion,200,estacion,no,si,40,40,9408,9408,9368,4,4,no
409,9,irene,libre,no_aplica,3,5,8,4,12,no,rosa1,propiedad,140,rosa,no,si,28,28,9480,9480,9452,3,3,no
410,10,javier,encarcelado(3),liberacion_automatica,4,1,5,11,16,no,estacion2,estacion,200,estacion,no,si,40,40,9042,9042,9002,2,2,no
411,1,ana,libre,no_aplica,2,5,7,37,4,si,morado2,propiedad,60,morado,no,si,12,12,9170,9170,9158,2,2,no
412,2,bob,libre,no_aplica,1,5,6,6,12,no,rosa1,propiedad,140,rosa,no,si,28,28,9358,9358,9330,2,2,no
413,3,carla,libre,no_aplica,4,6,10,5,15,no,rosa3,propiedad,160,rosa,no,si,32,32,9880,9880,9848,5,5,no
414,4,diego,libre,no_aplica,3,1,4,8,12,no,rosa1,propiedad,140,rosa,no,si,28,28,8932,8932,8904,2,2,no
415,5,elena,libre,no_aplica,3,5,8,10,18,no,suerte3,suerte,0,ninguno,no,no,0,0,9536,9536,9536,2,2,no
416,6,fernando,libre,no_aplica,1,4,5,7,12,no,rosa1,propiedad,140,rosa,no,si,28,28,9404,9404,9376,3,3,no
417,7,gema,libre,no_aplica,3,2,5,35,40,no,azul2,propiedad,400,azul,no,si,80,80,8712,8712,8632,1,1,no
418,8,hugo,libre,no_aplica,2,4,6,36,2,si,morado1,propiedad,60,morado,no,si,12,12,9492,9492,9480,4,4,no
419,9,irene,libre,no_aplica,3,3,6,12,18,no,suerte3,suerte,0,ninguno,no,no,0,0,9452,9452,9452,3,3,no
420,10,javier,libre,no_aplica,5,6,11,16,27,no,amarillo1,propiedad,260,amarillo,no,si,52,52,9002,9002,8950,2,2,no
421,1,ana,libre,no_aplica,2,4,6,4,10,no,gris3,propiedad,120,gris,no,si,24,24,9158,9158,9134,2,2,no
422,2,bob,libre,no_aplica,6,2,8,12,20,no,naranja3,propiedad,200,naranja,no,si,40,40,9330,9330,9290,2,2,no
423,3,carla,libre,no_aplica,2,1,3,15,18,no,suerte3,suerte,0,ninguno,no,no,0,0,9848,9848,9848,5,5,no
424,4,diego,libre,no_aplica,6,6,12,12,24,no,rojo2,propiedad,220,rojo,no,si,44,44,8984,8984,8940,2,2,no
425,5,elena,libre,no_aplica,5,4,9,18,27,no,amarillo1,propiedad,260,amarillo,no,si,52,52,9536,9536,9484,2,2,no
426,6,fernando,libre,no_aplica,1,1,2,12,14,no,rosa2,propiedad,140,rosa,no,si,28,28,9432,9432,9404,3,3,no
427,7,gema,libre,no_aplica,4,6,10,40,10,si,gris3,propiedad,120,gris,no,si,24,24,8632,8632,8608,1,1,no
428,8,hugo,libre,no_aplica,6,3,9,2,11,no,visita_carcel,visita_carcel,0,ninguno,no,no,0,0,9584,9584,9584,4,4,no
429,9,irene,libre,no_aplica,3,6,9,18,27,no,amarillo1,propiedad,260,amarillo,no,si,52,52,9500,9500,9448,3,3,no
430,10,javier,libre,no_aplica,5,6,11,27,38,no,azul1,propiedad,350,azul,no,no,0,0,8990,8990,8990,2,2,no
431,1,ana,libre,no_aplica,4,4,8,10,18,no,suerte3,suerte,0,ninguno,no,no,0,0,9162,9162,9162,2,2,no
432,2,bob,libre,no_aplica,1,6,7,20,27,no,amarillo1,propiedad,260,amarillo,no,si,52,52,9290,9290,9238,2,2,no
433,3,carla,libre,no_aplica,6,2,8,18,26,no,estacion3,estacion,200,estacion,no,si,40,40,9848,9848,9808,5,5,no
434,4,diego,libre,no_aplica,3,6,9,24,33,no,verde2,propiedad,300,verde,no,si,60,60,8940,8940,8880,2,2,no
435,5,elena,libre,no_aplica,3,1,4,27,11,no,visita_carcel,visita_carcel,0,ninguno,no,no,0,0,9484,9484,9484,2,2,no
436,6,fernando,libre,no_aplica,6,6,12,14,26,no,estacion3,estacion,200,estacion,no,si,40,40,9404,9404,9364,3,3,no
437,7,gema,libre,no_aplica,6,2,8,10,18,no,suerte3,suerte,0,ninguno,no,no,0,0,8608,8608,8608,1,1,no
438,8,hugo,libre,no_aplica,4,3,7,11,18,no,suerte3,suerte,0,ninguno,no,no,0,0,9688,9688,9688,4,4,no
439,9,irene,libre,no_aplica,3,3,6,27,33,no,verde2,propiedad,300,verde,no,no,0,0,9508,9508,9508,3,3,no
440,10,javier,libre,no_aplica,5,4,9,38,7,si,gris1,propiedad,100,gris,no,si,20,20,8990,8990,8970,2,2,no
441,1,ana,libre,no_aplica,1,4,5,18,23,no,suerte4,suerte,0,ninguno,no,no,0,0,9242,9242,9242,2,2,no
442,2,bob,libre,no_aplica,3,3,6,27,33,no,verde2,propiedad,300,verde,no,si,60,60,9238,9238,9178,2,2,no
443,3,carla,libre,no_aplica,3,3,6,26,32,no,verde1,propiedad,300,verde,no,si,60,60,9808,9808,9748,5,5,no
444,4,diego,libre,no_aplica,6,5,11,33,4,si,morado2,propiedad,60,morado,no,si,12,12,8880,8880,8868,2,2,no
445,5,elena,encarcelado(0),pagar,0,0,0,11,11,no,visita_carcel,visita_carcel,0,ninguno,no,no,0,0,9544,9344,9344,2,2,si
446,6,fernando,libre,no_aplica,6,3,9,26,35,no,verde3,propiedad,320,verde,no,si,64,64,9364,9364,9300,3,3,no
447,7,gema,libre,no_aplica,4,2,6,18,24,no,rojo2,propiedad,220,rojo,no,si,44,44,8608,8608,8564,1,1,no
448,8,hugo,libre,no_aplica,5,3,8,18,26,no,estacion3,estacion,200,estacion,no,si,40,40,9700,9700,9660,4,4,no
449,9,irene,libre,no_aplica,6,1,7,33,40,no,azul2,propiedad,400,azul,no,si,80,80,9588,9588,9508,3,3,no
450,10,javier,libre,no_aplica,1,4,5,7,12,no,rosa1,propiedad,140,rosa,no,si,28,28,8970,8970,8942,2,2,no
451,1,ana,libre,no_aplica,3,4,7,23,30,no,amarillo3,propiedad,280,amarillo,no,si,56,56,9282,9282,9226,2,2,no
452,2,bob,libre,no_aplica,2,6,8,33,1,si,salida,salida,0,ninguno,no,no,0,0,9234,9234,9234,2,2,no
453,3,carla,libre,no_aplica,5,1,6,32,38,no,azul1,propiedad,350,azul,no,si,70,70,9812,9812,9742,5,5,no
454,4,diego,libre,no_aplica,2,2,4,4,8,no,suerte2,suerte,0,ninguno,no,no,0,0,8948,8948,8948,2,2,no
455,5,elena,libre,no_aplica,6,6,12,11,23,no,suerte4,suerte,0,ninguno,no,no,0,0,9344,9344,9344,2,2,no
456,6,fernando,libre,no_aplica,2,6,8,35,3,si,suerte1,suerte,0,ninguno,no,no,0,0,9344,9344,9344,3,3,no
457,7,gema,libre,no_aplica,3,2,5,24,29,no,impuesto3,impuesto,100,ninguno,no,no,0,0,8564,8564,8564,1,1,no
458,8,hugo,libre,no_aplica,1,3,4,26,30,no,amarillo3,propiedad,280,amarillo,no,si,56,56,9688,9688,9632,4,4,no
459,9,irene,libre,no_aplica,1,5,6,40,6,si,estacion1,estacion,200,estacion,no,si,40,40,9508,9508,9468,3,3,no
460,10,javier,libre,no_aplica,5,5,10,12,22,no,rojo1,propiedad,220,rojo,no,si,44,44,9012,9012,8968,2,2,no
461,1,ana,libre,no_aplica,2,2,4,30,34,no,suerte5,suerte,0,ninguno,no,no,0,0,9226,9226,9226,2,2,no
462,2,bob,libre,no_aplica,5,4,9,1,10,no,gris3,propiedad,120,gris,no,si,24,24,9334,9334,9310,2,2,no
463,3,carla,libre,no_aplica,5,6,11,38,9,si,gris2,propiedad,100,gris,no,no,0,0,9742,9742,9742,5,5,no
464,4,diego,libre,no_aplica,4,2,6,8,14,no,rosa2,propiedad,140,rosa,no,si,28,28,8988,8988,8960,2,2,no
465,5,elena,libre,no_aplica,1,4,5,23,28,no,amarillo2,propiedad,260,amarillo,no,si,52,52,9344,9344,9292,2,2,no
466,6,fernando,libre,no_aplica,4,3,7,3,10,no,gris3,propiedad,120,gris,no,si,24,24,9344,9344,9320,3,3,no
467,7,gema,libre,no_aplica,1,1,2,29,11,no,visita_carcel,visita_carcel,0,ninguno,no,no,0,0,8564,8564,8564,1,1,no
468,8,hugo,libre,no_aplica,5,4,9,30,39,no,impuesto4,impuesto,100,ninguno,no,no,0,0,9632,9632,9632,4,4,no
469,9,irene,libre,no_aplica,2,5,7,6,13,no,impuesto2,impuesto,150,ninguno,no,no,0,0,9516,9516,9516,3,3,no
470,10,javier,libre,no_aplica,4,4,8,22,30,no,amarillo3,propiedad,280,amarillo,no,si,56,56,8968,8968,8912,2,2,no
471,1,ana,libre,no_aplica,1,5,6,34,40,no,azul2,propiedad,400,azul,no,si,80,80,9254,9254,9174,2,2,no
472,2,bob,libre,no_aplica,4,6,10,10,20,no,naranja3,propiedad,200,naranja,no,si,40,40,9366,9366,9326,2,2,no
473,3,carla,libre,no_aplica,6,2,8,9,17,no,naranja1,propiedad,180,naranja,no,si,36,36,9794,9794,9758,5,5,no
474,4,diego,libre,no_aplica,3,1,4,14,18,no,suerte3,suerte,0,ninguno,no,no,0,0,9040,9040,9040,2,2,no
475,5,elena,libre,no_aplica,3,3,6,28,34,no,suerte5,suerte,0,ninguno,no,no,0,0,9292,9292,9292,2,2,no
476,6,fernando,libre,no_aplica,1,6,7,10,17,no,naranja1,propiedad,180,naranja,no,si,36,36,9320,9320,9284,3,3,no
477,7,gema,encarcelado(0),tirar,0,0,0,11,11,no,visita_carcel,visita_carcel,0,ninguno,no,no,0,0,8564,8564,8564,1,1,si
478,8,hugo,libre,no_aplica,5,1,6,39,5,si,impuesto1,impuesto,200,ninguno,no,no,0,0,9704,9704,9704,4,4,no
479,9,irene,libre,no_aplica,5,1,6,13,19,no,naranja2,propiedad,180,naranja,no,si,36,36,9516,9516,9480,3,3,no
480,10,javier,libre,no_aplica,6,5,11,30,1,si,salida,salida,0,ninguno,no,no,0,0,8952,8952,8952,2,2,no
481,1,ana,libre,no_aplica,1,3,4,40,4,si,morado2,propiedad,60,morado,no,si,12,12,9174,9174,9162,2,2,no
482,2,bob,libre,no_aplica,3,3,6,20,26,no,estacion3,estacion,200,estacion,no,si,40,40,9326,9326,9286,2,2,no
483,3,carla,libre,no_aplica,2,3,5,17,22,no,rojo1,propiedad,220,rojo,no,si,44,44,9794,9794,9750,5,5,no
484,4,diego,libre,no_aplica,1,2,3,18,21,no,parking,parking,0,ninguno,no,no,0,0,9040,9040,9040,2,2,no
485,5,elena,libre,no_aplica,5,5,10,34,4,si,morado2,propiedad,60,morado,no,si,12,12,9292,9292,9280,2,2,no
486,6,fernando,libre,no_aplica,4,3,7,17,24,no,rojo2,propiedad,220,rojo,no,no,0,0,9284,9284,9284,3,3,no
487,7,gema,encarcelado(1),tirar,0,0,0,11,11,no,visita_carcel,visita_carcel,0,ninguno,no,no,0,0,8564,8564,8564,1,1,si
488,8,hugo,libre,no_aplica,6,1,7,5,12,no,rosa1,propiedad,140,rosa,no,no,0,0,9728,9728,9728,4,4,no
489,9,irene,libre,no_aplica,2,1,3,19,22,no,rojo1,propiedad,220,rojo,no,si,44,44,9480,9480,9436,3,3,no
490,10,javier,libre,no_aplica,5,1,6,1,7,no,gris1,propiedad,100,gris,no,si,20,20,8952,8952,8932,2,2,no
491,1,ana,libre,no_aplica,5,4,9,4,13,no,impuesto2,impuesto,150,ninguno,no,no,0,0,9202,9202,9202,2,2,no
492,2,bob,libre,no_aplica,4,2,6,26,32,no,verde1,propiedad,300,verde,no,si,60,60,9374,9374,9314,2,2,no
493,3,carla,libre,no_aplica,1,6,7,22,29,no,impuesto3,impuesto,100,ninguno,no,no,0,0,9750,9750,9750,5,5,no
494,4,diego,libre,no_aplica,2,1,3,21,24,no,rojo2,propiedad,220,rojo,no,si,44,44,9040,9040,8996,2,2,no
495,5,elena,libre,no_aplica,6,2,8,4,12,no,rosa1,propiedad,140,rosa,no,si,28,28,9340,9340,9312,2,2,no
496,6,fernando,libre,no_aplica,4,1,5,24,29,no,impuesto3,impuesto,100,ninguno,no,no,0,0,9328,9328,9328,3,3,no
497,7,gema,encarcelado(2),tirar,0,0,0,11,11,no,visita_carcel,visita_carcel,0,ninguno,no,no,0,0,8564,8564,8564,1,1,si
498,8,hugo,libre,no_aplica,3,6,9,12,21,no,parking,parking,0,ninguno,no,no,0,0,9756,9756,9756,4,4,no
499,9,irene,libre,no_aplica,4,4,8,22,30,no,amarillo3,propiedad,280,amarillo,no,si,56,56,9456,9456,9400,3,3,no
500,10,javier,libre,no_aplica,4,4,8,7,15,no,rosa3,propiedad,160,rosa,no,si,32,32,8932,8932,8900,2,2,no
